SKU,Artikal,Prvi prijem,Prvi datum,Zadnji datum,Ukupno dana,Dani bez zalihe,Dani dostupno,Nabavljeno,Nabavljeno kartica,Izdavanje ukupno,Povrati,Total prodato,Prosek dnevno,Procena izgubljeno,Ukupno neto,Prosek neto,Procjena gubitka neto,Poslato (SP prijemi),Pristiglo (SP prijemi),Prvi verifikovani prijem,Zadnji verifikovani prijem
AF-1,AF-1 - Rep crni afro (AF-1) kom,2024-06-07,2024-04-01,2025-12-30,639,99,540,281.0,280.0,254.0,20.0,234.0,0.433333,42.9,0.0,0.0,0.0,282.0,281.0,2024-06-11,2026-01-16
AF-10,AF-10 - Rep svetlo smeda afro (AF-10) kom,2024-06-07,2024-04-01,2025-12-29,638,68,570,68.0,67.0,51.0,3.0,48.0,0.084211,5.7263,0.0,0.0,0.0,68.0,68.0,2024-06-11,2025-08-16
AF-4,AF-4 - Rep tamno smeda afro (AF-4) kom,2024-06-07,2024-04-01,2025-12-29,638,68,570,160.0,160.0,122.0,10.0,112.0,0.196491,13.3614,0.0,0.0,0.0,160.0,160.0,2024-06-11,2025-08-16
AF-6,AF-6 - Rep smeda afro (AF-6) kom,2024-06-07,2024-04-01,2025-12-25,634,68,566,150.0,150.0,105.0,5.0,100.0,0.176678,12.0141,0.0,0.0,0.0,150.0,150.0,2024-06-11,2025-08-16
AF-613,Rep svetlo plava afro (AF-613) kom,2024-06-07,2024-04-01,2025-12-18,627,68,559,120.0,120.0,65.0,3.0,62.0,0.110912,7.542,0.0,0.0,0.0,120.0,120.0,2024-06-11,2025-08-16
AF-613/K16 (AF-613/K16) kom,AF-613/K16 (AF-613/K16) kom,2025-01-28,2024-04-01,2025-01-28,303,303,0,20.0,20.0,0.0,-0.0,0.0,0.0,0.0,0.0,0.0,0.0,,,,
AF-BRO,Rep bronza afro (AF-BRO) kom,2025-08-13,2024-04-01,2025-08-13,500,500,0,15.0,15.0,0.0,-0.0,0.0,0.0,0.0,0.0,0.0,0.0,15.0,15.0,2025-08-16,2025-08-16
AF-CRV,AF-CRV - Rep crvena afro (AF-CRV) kom,2024-06-07,2024-04-01,2025-12-29,638,68,570,35.0,35.0,24.0,4.0,20.0,0.035088,2.386,0.0,0.0,0.0,38.0,35.0,2024-06-11,2025-12-01
AF-K16,AF-K16 - Rep tamno plava afro (AF-K16) kom,2024-06-07,2024-04-01,2025-12-25,634,102,532,150.0,150.0,104.0,3.0,101.0,0.18985,19.3647,0.0,0.0,0.0,150.0,150.0,2024-06-11,2025-08-16
AF-MHG,Rep Mahagoni afro (AF-MHG) ko,2024-06-07,2024-04-01,2025-12-29,638,85,553,52.0,52.0,47.0,7.0,40.0,0.072333,6.1483,0.0,0.0,0.0,52.0,52.0,2024-06-11,2025-08-16
AF-SMEDPR,Rep sv. smedi s pram. afro (AF-SMEDPR) kom,2025-08-13,2024-04-01,2025-12-29,638,500,138,70.0,70.0,25.0,3.0,22.0,0.15942,79.7101,0.0,0.0,0.0,70.0,70.0,2025-08-16,2025-08-16
AF-SMO,Rep smeda ombre afro (AF-SMO) kom,2024-06-07,2024-04-01,2025-12-24,633,68,565,60.0,60.0,39.0,3.0,36.0,0.063717,4.3327,0.0,0.0,0.0,60.0,60.0,2024-06-11,2025-10-29
AF-SMP,AF-SMP - Rep smede plava afro (AF-SMP) kom,2024-06-07,2024-04-01,2025-12-30,639,105,534,120.0,120.0,106.0,9.0,97.0,0.181648,19.073,0.0,0.0,0.0,120.0,120.0,2024-06-11,2025-08-16
AR-1B,Ariana crni (AR-1B) kom,2025-05-08,2024-04-01,2025-12-30,639,403,236,230.0,230.0,167.0,19.0,148.0,0.627119,252.7288,0.0,0.0,0.0,230.0,230.0,2025-05-15,2026-01-16
AR-2,Ariana najtamnija smeda (AR-2) kom,2025-01-28,2024-04-01,2025-12-30,639,303,336,185.0,185.0,152.0,18.0,134.0,0.39881,120.8393,0.0,0.0,0.0,185.0,185.0,2025-01-29,2026-01-16
AR-4,Ariana tamno smedi (AR-4) kom,2025-01-28,2024-04-01,2025-12-30,639,366,273,275.0,275.0,258.0,14.0,244.0,0.893773,327.1209,0.0,0.0,0.0,275.0,275.0,2025-01-29,2026-01-16
AR-6,Arijana smedi (AR-6) kom,2025-08-13,2024-04-01,2025-11-24,603,500,103,50.0,50.0,53.0,6.0,47.0,0.456311,228.1553,0.0,0.0,0.0,50.0,50.0,2025-08-16,2025-08-16
AR-613,Arijana svetlo plavi (AR-613) kom,2025-01-28,2024-04-01,2025-12-31,640,303,337,115.0,115.0,53.0,1.0,52.0,0.154303,46.7537,0.0,0.0,0.0,115.0,115.0,2025-01-29,2026-01-16
AR-BAK,Ariana bakrena (AR-BAK) kom,2025-12-30,2024-04-01,2025-12-30,639,639,0,20.0,20.0,0.0,-0.0,0.0,0.0,0.0,0.0,0.0,0.0,40.0,20.0,2026-01-16,2026-01-21
AR-K16,Ariana tamno plavi (AR-K16) kom,2025-01-28,2024-04-01,2025-12-30,639,303,336,175.0,175.0,146.0,14.0,132.0,0.392857,119.0357,0.0,0.0,0.0,175.0,175.0,2025-01-29,2026-01-16
AR-Najpl,Ariana najtamnija plava (AR-Najpl) kom,2025-05-08,2024-04-01,2025-12-17,626,403,223,35.0,35.0,22.0,2.0,20.0,0.089686,36.1435,0.0,0.0,0.0,35.0,35.0,2025-05-15,2025-10-29
AR-PLO,Ariana platinum ombre (AR-PLO) kom,2025-01-28,2024-04-01,2025-12-30,639,303,336,116.0,115.0,62.0,5.0,57.0,0.169643,51.4018,0.0,0.0,0.0,116.0,116.0,2025-01-29,2026-01-16
AR-SMO,Arijana smedi ombre (AR-SMO) kom,2025-08-13,2024-04-01,2025-12-30,639,500,139,90.0,90.0,43.0,4.0,39.0,0.280576,140.2878,0.0,0.0,0.0,90.0,90.0,2025-08-16,2026-01-16
AR-SMPLV,Ariana smede plavi (AR-SMPLV) kom,2025-05-08,2024-04-01,2025-12-30,639,403,236,95.0,95.0,61.0,2.0,59.0,0.25,100.75,0.0,0.0,0.0,95.0,95.0,2025-05-15,2026-01-16
AR-SRP,Arijana srednje plavi (AR-SRP) kom,2025-08-13,2024-04-01,2025-12-18,627,500,127,50.0,50.0,54.0,5.0,49.0,0.385827,192.9134,0.0,0.0,0.0,50.0,50.0,2025-08-16,2025-08-16
BD-10,Blowdry svetlo smeda (BD-10) ko,2025-10-27,2024-04-01,2025-12-23,632,575,57,50.0,50.0,12.0,1.0,11.0,0.192982,110.9649,0.0,0.0,0.0,50.0,50.0,2025-10-29,2025-10-29
BD-1B,Blowdry crna (BD-1B) ko,2025-10-27,2024-04-01,2025-12-29,638,575,63,100.0,100.0,48.0,1.0,47.0,0.746032,428.9683,0.0,0.0,0.0,100.0,100.0,2025-10-29,2025-10-29
BD-2,Blowdry najtamnija smeda (BD-2) ko,2025-10-27,2024-04-01,2025-12-31,640,575,65,47.0,50.0,37.0,10.0,27.0,0.415385,238.8462,0.0,0.0,0.0,50.0,47.0,2025-10-29,2025-10-29
BD-4,Blowdry tamno smeda (BD-4) ko,2025-10-27,2024-04-01,2025-12-30,639,575,64,63.0,70.0,25.0,3.0,22.0,0.34375,197.6562,0.0,0.0,0.0,70.0,63.0,2025-10-29,2025-10-29
BD-6,Blowdry smeda (BD-6) ko,2025-10-27,2024-04-01,2025-12-30,639,575,64,77.0,70.0,33.0,8.0,25.0,0.390625,224.6094,0.0,0.0,0.0,70.0,77.0,2025-10-29,2025-10-29
BD-613,Blowdry svetlo plava (BD-613) ko,2025-10-27,2024-04-01,2025-12-31,640,575,65,50.0,50.0,30.0,3.0,27.0,0.415385,238.8462,0.0,0.0,0.0,50.0,50.0,2025-10-29,2025-10-29
BD-K16,Blowdry tamno plava (BD-K16) ko,2025-10-27,2024-04-01,2025-12-30,639,575,64,50.0,50.0,33.0,4.0,29.0,0.453125,260.5469,0.0,0.0,0.0,50.0,50.0,2025-10-29,2025-10-29
BD-PLAT,Blowdry platina (BD-PLAT) ko,2025-10-27,2024-04-01,2025-12-29,638,575,63,50.0,50.0,11.0,1.0,10.0,0.15873,91.2698,0.0,0.0,0.0,50.0,50.0,2025-10-29,2025-10-29
BD-SMEDPR,Blowdry svetlo smeda s pramenovima (BD-SMEDPR) ko,2025-10-27,2024-04-01,2025-12-29,638,575,63,80.0,80.0,65.0,5.0,60.0,0.952381,547.619,0.0,0.0,0.0,80.0,80.0,2025-10-29,2025-10-29
BD-SRP,Blowdry srednje plava (BD-SRP) ko,2025-10-27,2024-04-01,2025-12-29,638,575,63,70.0,70.0,74.0,6.0,68.0,1.079365,620.6349,0.0,0.0,0.0,70.0,70.0,2025-10-29,2025-10-29
Crni kratki opk (KRO-1B ) kom,Crni kratki opk (KRO-1B ) kom,2024-10-20,2024-04-01,2025-12-30,639,203,436,165.0,165.0,142.0,8.0,134.0,0.307339,62.3899,0.0,0.0,0.0,,,,
Crni kratki rep (KRR-1B ) kom,Crni kratki rep (KRR-1B ) kom,2024-10-20,2024-04-01,2025-12-30,639,215,424,120.0,120.0,99.0,4.0,95.0,0.224057,48.1722,0.0,0.0,0.0,,,,
DR-1B,DR-1B - Rep crni dugi 90cm (DR-1B) kom,2024-06-07,2024-04-01,2025-12-30,639,68,571,185.0,185.0,157.0,16.0,141.0,0.246935,16.7916,0.0,0.0,0.0,186.0,185.0,2024-06-11,2026-01-16
DR-4,DR-4 - Dugi tamnosmedi (DR-4) kom,2024-10-20,2024-04-01,2025-12-22,631,203,428,85.0,85.0,65.0,9.0,56.0,0.130841,26.5607,0.0,0.0,0.0,85.0,85.0,2024-10-21,2025-08-16
DR-6,DR-6 (DR-6) kom,2025-05-08,2024-04-01,2025-12-29,638,403,235,50.0,50.0,32.0,7.0,25.0,0.106383,42.8723,0.0,0.0,0.0,50.0,50.0,2025-05-15,2025-05-15
DR-K16,Dugi tamno plavi (DR-K16) kom,2025-05-08,2024-04-01,2025-12-17,626,403,223,50.0,50.0,14.0,-0.0,14.0,0.06278,25.3004,0.0,0.0,0.0,50.0,50.0,2025-05-15,2025-05-15
DR-PP,DR-PP - Rep platinum dugi 90cm (DR-PP) kom,2024-06-07,2024-04-01,2025-12-30,639,68,571,80.0,80.0,69.0,8.0,61.0,0.10683,7.2644,0.0,0.0,0.0,80.0,80.0,2024-06-11,2026-01-16
DR-SIVPL,DR-SIVPL - Rep sivo plava 90cm (DR-SIVPL) kom,2024-06-07,2024-04-01,2025-12-30,639,68,571,45.0,46.0,25.0,1.0,24.0,0.042032,2.8581,0.0,0.0,0.0,46.0,45.0,2024-06-11,2026-01-16
DR-SMPLV,DR-SMPLV - Rep smede plava 90cm (DR-SMPLV) kom,2024-06-07,2024-04-01,2025-12-30,639,68,571,70.0,70.0,38.0,1.0,37.0,0.064799,4.4063,0.0,0.0,0.0,70.0,70.0,2024-06-11,2026-01-16
DR-SRP,DR-SRP (DR-SRP) kom,2025-05-08,2024-04-01,2025-12-18,627,403,224,50.0,50.0,22.0,2.0,20.0,0.089286,35.9821,0.0,0.0,0.0,50.0,50.0,2025-05-15,2025-05-15
EKS-10,EKS-10 - Ekstenzije svetlo smeda (EKS-10) kom,2024-08-28,2024-04-01,2025-12-31,640,199,441,115.0,115.0,118.0,10.0,108.0,0.244898,48.7347,0.0,0.0,0.0,135.0,115.0,2024-08-28,2025-08-16
EKS-1B,EKS-1B - Ekstenzije crna ravna (EKS-1B) kom,2024-06-07,2024-04-01,2025-12-30,639,68,571,390.0,390.0,314.0,28.0,286.0,0.500876,34.0595,0.0,0.0,0.0,390.0,390.0,2024-06-11,2026-01-16
EKS-4,EKS-4 - Ekstenzije tamno smeda ravna (EKS-4) kom,2024-06-07,2024-04-01,2025-12-30,639,68,571,302.0,301.0,241.0,29.0,212.0,0.371278,25.2469,0.0,0.0,0.0,303.0,302.0,2024-06-11,2026-01-16
EKS-6,Ekstenzije smeda ravna (EKS-6) kom,2024-06-07,2024-04-01,2025-12-30,639,68,571,260.0,260.0,225.0,15.0,210.0,0.367776,25.0088,0.0,0.0,0.0,260.0,260.0,2024-06-11,2026-01-16
EKS-613,Ekstenzije svetlo plava (EKS-613) kom,2025-08-13,2024-04-01,2025-12-24,633,500,133,80.0,80.0,33.0,5.0,28.0,0.210526,105.2632,0.0,0.0,0.0,115.0,80.0,2024-06-11,2025-10-29
EKS-K16,EKS-K16 - Ekstenzije tamno plava ravna (EKS-K16) kom,2024-06-07,2024-04-01,2025-12-23,632,68,564,175.0,175.0,135.0,12.0,123.0,0.218085,14.8298,0.0,0.0,0.0,175.0,175.0,2024-06-11,2025-10-29
EKS-NAT,EKS-NAT - Ekstenzije Natural Plave (EKS-NAT) kom,2024-06-07,2024-04-01,2025-10-20,568,68,500,135.0,137.0,146.0,17.0,129.0,0.258,17.544,0.0,0.0,0.0,137.0,135.0,2024-06-12,2025-01-29
EKS-PLAT,Ekstenzije platina (EKS-PLAT) kom,2025-08-13,2024-04-01,2025-12-16,625,500,125,50.0,50.0,27.0,1.0,26.0,0.208,104.0,0.0,0.0,0.0,50.0,50.0,2025-08-16,2025-08-16
EKS-PLO,Ekstenzije platinum pl. ombre (EKS-PLO) kom,2024-08-28,2024-04-01,2025-12-30,639,150,489,85.0,85.0,67.0,7.0,60.0,0.122699,18.4049,0.0,0.0,0.0,100.0,85.0,2024-08-28,2026-01-16
EKS-SRP,EKS-SRP - Ekstenzije srednje plava ravna (EKS-SRP) kom,2024-10-20,2024-04-01,2025-12-31,640,203,437,170.0,170.0,109.0,14.0,95.0,0.217391,44.1304,0.0,0.0,0.0,170.0,170.0,2024-10-21,2026-01-16
EKS-SSP,EKS-SSP - Ekstenzije smede s pramenovima ravna (EKS-SSP) kom,2024-06-07,2024-04-01,2025-09-26,544,69,475,60.0,60.0,64.0,4.0,60.0,0.126316,8.7158,0.0,0.0,0.0,60.0,60.0,2024-06-11,2025-05-15
EKSOPK-10,Ekstenzije svetlo smede OPK (EKSOPK-10) kom,2025-12-30,2024-04-01,2025-12-30,639,639,0,30.0,30.0,0.0,-0.0,0.0,0.0,0.0,0.0,0.0,0.0,30.0,30.0,2026-01-16,2026-01-16
EKSOPK-1B,Ekstenzije crna OPK (EKSOPK-1B) kom,2025-08-13,2024-04-01,2025-12-30,639,515,124,50.0,80.0,55.0,5.0,50.0,0.403226,207.6613,0.0,0.0,0.0,50.0,50.0,2025-08-16,2025-08-16
EKSOPK-4,Ekstenzije tamno smeda OPK (EKSOPK-4) kom,2025-08-13,2024-04-01,2025-12-30,639,509,130,50.0,70.0,58.0,8.0,50.0,0.384615,195.7692,0.0,0.0,0.0,50.0,50.0,2025-08-16,2025-08-16
EKSOPK-6,Ekstenzije smeda OPK (EKSOPK-6) kom,2025-08-13,2024-04-01,2025-12-30,639,500,139,70.0,70.0,45.0,6.0,39.0,0.280576,140.2878,0.0,0.0,0.0,90.0,70.0,2025-08-16,2026-01-21
EKSOPK-613,Ekstenzije svetlo plava OPK (EKSOPK-613) kom,2025-08-13,2024-04-01,2025-12-25,634,500,134,50.0,50.0,31.0,2.0,29.0,0.216418,108.209,0.0,0.0,0.0,50.0,50.0,2025-08-16,2025-08-16
EKSOPK-K16,Ekstenzije tamno plava OPK (EKSOPK-K16) kom,2025-08-13,2024-04-01,2025-12-30,639,500,139,60.0,60.0,30.0,5.0,25.0,0.179856,89.9281,0.0,0.0,0.0,60.0,60.0,2025-08-16,2026-01-16
EKSOPK-PLAT,Ekstenzije platina OPK (EKSOPK-PLAT) kom,2025-08-13,2024-04-01,2025-12-29,638,500,138,50.0,50.0,28.0,1.0,27.0,0.195652,97.8261,0.0,0.0,0.0,50.0,50.0,2025-08-16,2025-08-16
EKSOPK-SMEDPR,Ekstenzije svetlo smeda s pramenovima OPK (EKSOPK-SMEDPR) kom,2025-08-13,2024-04-01,2025-11-06,585,503,82,50.0,50.0,59.0,9.0,50.0,0.609756,306.7073,0.0,0.0,0.0,50.0,50.0,2025-08-16,2025-08-16
EKSOPK-SRP,Ekstenzije srednje plava OPK (EKSOPK-SRP) kom,2025-08-13,2024-04-01,2025-12-30,639,516,123,40.0,80.0,45.0,6.0,39.0,0.317073,163.6098,0.0,0.0,0.0,80.0,40.0,2025-08-16,2025-08-29
Ekstenzije s plavim pramenovima (EKS-PRAM ) kom,Ekstenzije s plavim pramenovima (EKS-PRAM ) kom,2024-08-28,2024-04-01,2025-12-26,635,150,485,25.0,25.0,26.0,4.0,22.0,0.045361,6.8041,0.0,0.0,0.0,,,,
Ekstenzije sivo plava (EKS-SIVPL ) kom,Ekstenzije sivo plava (EKS-SIVPL ) kom,2024-08-28,2024-04-01,2025-12-30,639,150,489,45.0,45.0,24.0,3.0,21.0,0.042945,6.4417,0.0,0.0,0.0,,,,
Ekstenzije smede plava ravna (EKS-SMPLV ) kom,Ekstenzije smede plava ravna (EKS-SMPLV ) kom,2024-10-20,2024-04-01,2025-12-30,639,203,436,65.0,65.0,64.0,13.0,51.0,0.116972,23.7454,0.0,0.0,0.0,,,,
KRR-10,Rep kratki svetlo smedi (KRR-10) kom,2025-08-13,2024-04-01,2025-12-25,634,500,134,50.0,50.0,24.0,2.0,22.0,0.164179,82.0896,0.0,0.0,0.0,50.0,50.0,2025-08-16,2025-08-16
KRR-6,Kratki smedi (KRR-6) kom,2025-05-08,2024-04-01,2025-12-29,638,403,235,80.0,80.0,84.0,9.0,75.0,0.319149,128.617,0.0,0.0,0.0,80.0,80.0,2025-05-15,2025-05-15
KRR-PLAT,Rep kratki platina (KRR-PLAT) kom,2025-08-13,2024-04-01,2025-12-25,634,500,134,50.0,50.0,31.0,1.0,30.0,0.223881,111.9403,0.0,0.0,0.0,50.0,50.0,2025-08-16,2025-08-16
KRR-SRP,Kratki srednje plavi (KRR-SRP) kom,2025-05-08,2024-04-01,2025-12-31,640,404,236,80.0,80.0,87.0,7.0,80.0,0.338983,136.9492,0.0,0.0,0.0,80.0,80.0,2025-05-15,2025-08-16
Karamel ravni (RR-KAR ) kom,Karamel ravni (RR-KAR ) kom,2024-10-20,2024-04-01,2025-11-06,585,203,382,40.0,40.0,25.0,1.0,24.0,0.062827,12.7539,0.0,0.0,0.0,,,,
Mahagoni kratki (KRR-MHG ) kom,Mahagoni kratki (KRR-MHG ) kom,2024-10-20,2024-04-01,2025-12-16,625,203,422,30.0,30.0,15.0,3.0,12.0,0.028436,5.7725,0.0,0.0,0.0,,,,
Mahagoni kratki opk (KRO-MHG ) kom,Mahagoni kratki opk (KRO-MHG ) kom,2024-10-20,2024-04-01,2025-12-30,639,239,400,47.0,47.0,34.0,3.0,31.0,0.0775,18.5225,0.0,0.0,0.0,,,,
Najtamnija smeda (RR-2 ) kom,Najtamnija smeda (RR-2 ) kom,2024-10-20,2024-04-01,2025-12-30,639,240,399,155.0,155.0,113.0,7.0,106.0,0.265664,63.7594,0.0,0.0,0.0,,,,
Najtamnija smeda afro (AF-2 ) kom,Najtamnija smeda afro (AF-2 ) kom,2024-10-20,2024-04-01,2025-12-26,635,233,402,90.0,90.0,49.0,7.0,42.0,0.104478,24.3433,0.0,0.0,0.0,,,,
Najtamnija smeda kratki (KRR-2 ) kom,Najtamnija smeda kratki (KRR-2 ) kom,2024-10-20,2024-04-01,2025-12-25,634,203,431,80.0,80.0,53.0,4.0,49.0,0.113689,23.0789,0.0,0.0,0.0,,,,
Najtamniji smedi kratki opk (KRO-2 ) kom,Najtamniji smedi kratki opk (KRO-2 ) kom,2024-10-20,2024-04-01,2025-12-26,635,210,425,110.0,110.0,97.0,12.0,85.0,0.2,42.0,0.0,0.0,0.0,,,,
OPK-1B,OPK-1B - Rep crna OPK (OPK-1B) kom,2024-06-07,2024-04-01,2025-12-30,639,70,569,493.0,500.0,419.0,34.0,385.0,0.676626,47.3638,0.0,0.0,0.0,500.0,493.0,2024-06-11,2026-01-16
OPK-2,Najtamnija smeda OPK (OPK-2) kom,2024-10-20,2024-04-01,2025-12-30,639,266,373,170.0,160.0,132.0,10.0,122.0,0.327078,87.0027,0.0,0.0,0.0,161.0,170.0,2024-10-21,2026-01-16
OPK-6stari,Stari OPK-6 (OPK-6stari) kom,2024-10-20,2024-04-01,2025-12-08,617,373,244,60.0,60.0,66.0,6.0,60.0,0.245902,91.7213,0.0,0.0,0.0,,,,
OPK-K16,OPK-K16 - Rep tamno plava OPK (OPK-K16) kom,2024-06-07,2024-04-01,2025-12-29,638,68,570,200.0,200.0,152.0,5.0,147.0,0.257895,17.5368,0.0,0.0,0.0,200.0,200.0,2024-06-11,2025-08-16
OPK-MHG,OPK-MHG - Mahagoni OPK (OPK-MHG) kom,2024-06-07,2024-04-01,2025-12-29,638,101,537,75.0,75.0,42.0,2.0,40.0,0.074488,7.5233,0.0,0.0,0.0,75.0,75.0,2024-06-11,2025-08-16
OPK-NTP,OPK-NTP - Rep Natural plava OPK (OPK-NTP) kom,2024-06-07,2024-04-01,2025-12-22,631,77,554,150.0,150.0,172.0,22.0,150.0,0.270758,20.8484,0.0,0.0,0.0,159.0,150.0,2024-06-11,2025-12-01
OPK-PLO,OPK platinum ombre (OPK-PLO) kom,2025-05-08,2024-04-01,2025-12-31,640,403,237,40.0,40.0,20.0,3.0,17.0,0.07173,28.9072,0.0,0.0,0.0,40.0,40.0,2025-05-15,2025-08-16
OPK-SMEDPR,OPK-SMEDPR (OPK-SMEDPR) kom,2025-05-08,2024-04-01,2025-12-29,638,403,235,100.0,100.0,61.0,7.0,54.0,0.229787,92.6043,0.0,0.0,0.0,100.0,100.0,2025-05-15,2025-08-16
OPK-SMO,OPK-SMO - Rep smeda ombre OPK (OPK-SMO) kom,2024-06-07,2024-04-01,2025-12-30,639,71,568,261.0,260.0,234.0,11.0,223.0,0.392606,27.875,0.0,0.0,0.0,271.0,261.0,2024-06-11,2026-01-16
OPK-SMP,OPK-SMP - Rep smede plava ombre OPK (OPK-SMP) kom,2024-06-07,2024-04-01,2025-12-26,635,68,567,150.0,150.0,134.0,13.0,121.0,0.213404,14.5115,0.0,0.0,0.0,150.0,150.0,2024-06-11,2025-08-16
P001,Perika P001 (P001) kom,2024-12-20,2024-04-01,2025-12-18,627,264,363,10.0,10.0,11.0,2.0,9.0,0.024793,6.5455,0.0,0.0,0.0,10.0,10.0,2024-12-24,2024-12-24
P006,Perika P006 (P006) kom,2024-12-20,2024-04-01,2025-12-29,638,264,374,25.0,25.0,23.0,2.0,21.0,0.05615,14.8235,0.0,0.0,0.0,25.0,25.0,2024-12-24,2024-12-24
P007,Perika P007 (P007) kom,2024-12-20,2024-04-01,2025-11-07,586,265,321,15.0,15.0,15.0,-0.0,15.0,0.046729,12.3832,0.0,0.0,0.0,15.0,15.0,2024-12-24,2024-12-24
P012,Perika P012 (P012) kom,2024-12-20,2024-04-01,2025-12-29,638,264,374,20.0,20.0,12.0,1.0,11.0,0.029412,7.7647,0.0,0.0,0.0,20.0,20.0,2024-12-24,2024-12-24
P014,Perika P014 (P014) kom,2024-12-20,2024-04-01,2025-12-30,639,264,375,15.0,15.0,9.0,-0.0,9.0,0.024,6.336,0.0,0.0,0.0,15.0,15.0,2024-12-24,2024-12-24
P017,P017 (P017) kom,2025-05-18,2024-04-01,2025-12-18,627,413,214,12.0,12.0,10.0,2.0,8.0,0.037383,15.4393,0.0,0.0,0.0,12.0,12.0,2025-05-20,2025-05-20
P029,Perika P029 (P029) kom,2024-12-20,2024-04-01,2025-12-22,631,264,367,20.0,20.0,18.0,1.0,17.0,0.046322,12.2289,0.0,0.0,0.0,20.0,20.0,2024-12-24,2025-11-27
P041,Perika P041 (P041) kom,2024-12-20,2024-04-01,2025-12-26,635,294,341,10.0,10.0,12.0,2.0,10.0,0.029326,8.6217,0.0,0.0,0.0,10.0,10.0,2024-12-24,2024-12-24
P043,Perika P043 (P043) kom,2024-12-20,2024-04-01,2025-12-31,640,264,376,20.0,20.0,18.0,2.0,16.0,0.042553,11.234,0.0,0.0,0.0,20.0,20.0,2024-12-24,2025-11-27
P061,Perika P061 (P061) kom,2024-12-20,2024-04-01,2025-12-23,632,342,290,34.0,35.0,23.0,-0.0,23.0,0.07931,27.1241,0.0,0.0,0.0,35.0,34.0,2024-12-24,2025-11-27
P066,P066 (P066) kom,2025-05-18,2024-04-01,2025-12-01,610,413,197,15.0,15.0,17.0,6.0,11.0,0.055838,23.0609,0.0,0.0,0.0,15.0,15.0,2025-05-20,2025-05-20
P068,P068 (P068) kom,2025-11-07,2024-04-01,2025-12-30,639,593,46,5.0,5.0,5.0,1.0,4.0,0.086957,51.5652,0.0,0.0,0.0,5.0,5.0,2025-11-27,2025-11-27
P069,Perika P069 (P069) kom,2024-12-20,2024-04-01,2025-12-29,638,264,374,15.0,15.0,19.0,6.0,13.0,0.034759,9.1765,0.0,0.0,0.0,15.0,15.0,2024-12-24,2024-12-24
P073,P073 (P073) kom,2025-11-07,2024-04-01,2025-12-23,632,586,46,5.0,5.0,1.0,-0.0,1.0,0.021739,12.7391,0.0,0.0,0.0,5.0,5.0,2025-11-27,2025-11-27
P075,P075 (P075) kom,2025-05-18,2024-04-01,2025-12-18,627,414,213,15.0,15.0,17.0,2.0,15.0,0.070423,29.1549,0.0,0.0,0.0,15.0,15.0,2025-05-20,2025-05-20
P078,P078 (P078) kom,2025-11-07,2024-04-01,2025-12-24,633,586,47,6.0,6.0,4.0,-0.0,4.0,0.085106,49.8723,0.0,0.0,0.0,6.0,6.0,2025-11-27,2025-11-27
P081,Perika P081 (P081) kom,2024-12-20,2024-04-01,2025-12-03,612,436,176,26.0,26.0,29.0,3.0,26.0,0.147727,64.4091,0.0,0.0,0.0,26.0,26.0,2024-12-24,2025-11-27
P084,Perika P084 (P084) kom,2024-12-20,2024-04-01,2025-12-18,627,346,281,28.0,28.0,27.0,5.0,22.0,0.078292,27.089,0.0,0.0,0.0,28.0,28.0,2024-12-24,2025-11-27
P091,P091 (P091) kom,2025-05-18,2024-04-01,2025-12-29,638,413,225,12.0,12.0,8.0,1.0,7.0,0.031111,12.8489,0.0,0.0,0.0,12.0,12.0,2025-05-20,2025-05-20
P093,Perika P093 (P093) kom,2024-12-20,2024-04-01,2025-12-18,627,264,363,20.0,20.0,24.0,5.0,19.0,0.052342,13.8182,0.0,0.0,0.0,20.0,20.0,2024-12-24,2024-12-24
P094,Perika P094 (P094) kom,2024-12-20,2024-04-01,2025-12-30,639,264,375,15.0,15.0,16.0,3.0,13.0,0.034667,9.152,0.0,0.0,0.0,15.0,15.0,2024-12-24,2025-11-27
P095,Perika P095 (P095) kom,2024-12-20,2024-04-01,2025-12-25,634,385,249,35.0,35.0,38.0,6.0,32.0,0.128514,49.4779,0.0,0.0,0.0,35.0,35.0,2024-12-24,2025-11-27
P096,Perika P096 (P096) kom,2024-12-20,2024-04-01,2025-12-22,631,264,367,10.0,10.0,14.0,5.0,9.0,0.024523,6.4741,0.0,0.0,0.0,10.0,10.0,2024-12-24,2024-12-24
P099,P099 (P099) kom,2025-11-07,2024-04-01,2025-12-31,640,586,54,6.0,6.0,5.0,1.0,4.0,0.074074,43.4074,0.0,0.0,0.0,6.0,6.0,2025-11-27,2025-11-27
PR00,PR00 (PR00) kom,2025-05-08,2024-04-01,2025-12-18,627,403,224,5.0,5.0,3.0,1.0,2.0,0.008929,3.5982,0.0,0.0,0.0,5.0,5.0,2025-05-15,2025-05-15
PR1,Perika PR1 (PR1) kom,2024-12-20,2024-04-01,2025-12-18,627,447,180,12.0,12.0,11.0,3.0,8.0,0.044444,19.8667,0.0,0.0,0.0,12.0,12.0,2024-12-24,2025-11-27
PR10,PR10 (PR10) kom,2025-05-18,2024-04-01,2025-12-29,638,422,216,7.0,7.0,10.0,3.0,7.0,0.032407,13.6759,0.0,0.0,0.0,7.0,7.0,2025-05-20,2025-05-20
PR11,PR11 (PR11) kom,2025-05-18,2024-04-01,2025-12-24,633,413,220,13.0,13.0,9.0,3.0,6.0,0.027273,11.2636,0.0,0.0,0.0,13.0,13.0,2025-05-20,2025-11-27
PR12,Perika PR12 (PR12) kom,2024-12-20,2024-04-01,2025-10-15,563,264,299,7.0,7.0,7.0,3.0,4.0,0.013378,3.5318,0.0,0.0,0.0,7.0,7.0,2024-12-24,2024-12-24
PR15,Perika PR15 (PR15) kom,2024-12-20,2024-04-01,2025-12-22,631,464,167,22.0,17.0,13.0,2.0,11.0,0.065868,30.5629,0.0,0.0,0.0,22.0,22.0,2024-12-24,2025-11-27
PR16,PR16 (PR16) kom,2025-11-07,2024-04-01,2025-12-29,638,586,52,5.0,5.0,2.0,-0.0,2.0,0.038462,22.5385,0.0,0.0,0.0,5.0,5.0,2025-11-27,2025-11-27
PR18,Perika PR18 (PR18) kom,2024-12-20,2024-04-01,2025-12-26,635,265,370,15.0,15.0,16.0,1.0,15.0,0.040541,10.7432,0.0,0.0,0.0,15.0,15.0,2024-12-24,2024-12-24
PR19,PR19 (PR19) kom,2025-05-18,2024-04-01,2025-11-03,582,413,169,7.0,7.0,4.0,2.0,2.0,0.011834,4.8876,0.0,0.0,0.0,7.0,7.0,2025-05-20,2025-05-20
PR2,Perika PR2 (PR2) kom,2024-12-20,2024-04-01,2025-12-30,639,493,146,15.0,15.0,11.0,2.0,9.0,0.061644,30.3904,0.0,0.0,0.0,15.0,15.0,2024-12-24,2025-11-27
PR20,PR20 (PR20) kom,2025-11-07,2024-04-01,2025-12-31,640,586,54,5.0,5.0,3.0,1.0,2.0,0.037037,21.7037,0.0,0.0,0.0,5.0,5.0,2025-11-27,2025-11-27
PR22,Perika PR22 (PR22) kom,2024-12-20,2024-04-01,2025-12-29,638,264,374,10.0,10.0,11.0,2.0,9.0,0.024064,6.3529,0.0,0.0,0.0,10.0,10.0,2024-12-24,2024-12-24
PR23,PR23 (PR23) kom,2025-05-18,2024-04-01,2025-12-25,634,430,204,22.0,22.0,19.0,-0.0,19.0,0.093137,40.049,0.0,0.0,0.0,22.0,22.0,2025-05-20,2025-11-27
PR25,PR25 (PR25) kom,2025-05-18,2024-04-01,2025-12-23,632,413,219,10.0,10.0,10.0,1.0,9.0,0.041096,16.9726,0.0,0.0,0.0,10.0,10.0,2025-05-20,2025-05-20
PR26,Perika PR26 (PR26) kom,2024-12-20,2024-04-01,2025-12-22,631,264,367,10.0,10.0,7.0,5.0,2.0,0.00545,1.4387,0.0,0.0,0.0,10.0,10.0,2024-12-24,2024-12-24
PR28,Perika PR28 (PR28) kom,2024-12-20,2024-04-01,2025-12-24,633,271,362,6.0,6.0,6.0,1.0,5.0,0.013812,3.7431,0.0,0.0,0.0,6.0,6.0,2024-12-24,2024-12-24
PR3,PR3 (PR3) kom,,2024-04-01,2025-11-19,598,552,46,12.0,0.0,1.0,1.0,0.0,0.0,0.0,0.0,0.0,0.0,12.0,12.0,2025-05-20,2025-05-20
PR31,Perike PR31 (PR31) kom,2024-12-20,2024-04-01,2025-12-19,628,277,351,17.0,17.0,23.0,7.0,16.0,0.045584,12.6268,0.0,0.0,0.0,17.0,17.0,2024-12-24,2025-05-20
PR32,PR32 (PR32) kom,2025-05-18,2024-04-01,2025-12-29,638,413,225,10.0,10.0,12.0,3.0,9.0,0.04,16.52,0.0,0.0,0.0,10.0,10.0,2025-05-20,2025-05-20
PR33,Perika PR33 (PR33) kom,2024-12-20,2024-04-01,2025-11-07,586,264,322,20.0,36.0,15.0,4.0,11.0,0.034161,9.0186,0.0,0.0,0.0,20.0,20.0,2024-12-24,2025-11-27
PR36,Perika PR36 (PR36) kom,2024-12-20,2024-04-01,2025-12-17,626,394,232,15.0,15.0,12.0,4.0,8.0,0.034483,13.5862,0.0,0.0,0.0,15.0,15.0,2024-12-24,2025-11-27
PR4,Perika PR4 (PR4) kom,2024-12-20,2024-04-01,2025-12-22,631,315,316,30.0,30.0,19.0,-0.0,19.0,0.060127,18.9399,0.0,0.0,0.0,30.0,30.0,2024-12-24,2025-11-27
PR40,PR40 (PR40) kom,2025-05-18,2024-04-01,2025-12-18,627,413,214,8.0,8.0,6.0,4.0,2.0,0.009346,3.8598,0.0,0.0,0.0,8.0,8.0,2025-05-20,2025-05-20
PR41,Perika PR41 (PR41) kom,2024-12-20,2024-04-01,2025-12-17,626,264,362,9.0,9.0,9.0,1.0,8.0,0.022099,5.8343,0.0,0.0,0.0,9.0,9.0,2024-12-24,2025-05-20
PR43,Perika PR43 (PR43) kom,2024-12-20,2024-04-01,2025-12-18,627,316,311,30.0,30.0,39.0,9.0,30.0,0.096463,30.4823,0.0,0.0,0.0,30.0,30.0,2024-12-24,2025-05-20
PR44,PR44 (PR44) kom,2025-05-08,2024-04-01,2025-12-02,611,403,208,5.0,5.0,3.0,-0.0,3.0,0.014423,5.8125,0.0,0.0,0.0,5.0,5.0,2025-05-15,2025-05-15
PR5,PR5 (PR5) kom,2025-11-07,2024-04-01,2025-12-16,625,586,39,4.0,4.0,2.0,-0.0,2.0,0.051282,30.0513,0.0,0.0,0.0,4.0,4.0,2025-11-27,2025-11-27
PR51,PR51 (PR51) kom,2025-05-08,2024-04-01,2025-12-30,639,510,129,15.0,15.0,11.0,1.0,10.0,0.077519,39.5349,0.0,0.0,0.0,15.0,15.0,2025-05-15,2026-01-16
PR53,PR53 (PR53) kom,2025-05-08,2024-04-01,2025-10-17,565,404,161,10.0,10.0,10.0,-0.0,10.0,0.062112,25.0932,0.0,0.0,0.0,10.0,10.0,2025-05-15,2025-05-15
PR55,PR55 (PR55) kom,2025-05-08,2024-04-01,2025-12-25,634,404,230,10.0,10.0,13.0,3.0,10.0,0.043478,17.5652,0.0,0.0,0.0,10.0,10.0,2025-05-15,2025-05-15
PR6,Perika PR6 (PR6) kom,2024-12-20,2024-04-01,2025-12-24,633,264,369,25.0,25.0,26.0,3.0,23.0,0.062331,16.4553,0.0,0.0,0.0,25.0,25.0,2024-12-24,2025-05-20
PR7,PR7 (PR7) kom,2025-05-18,2024-04-01,2025-12-18,627,413,214,8.0,8.0,6.0,1.0,5.0,0.023364,9.6495,0.0,0.0,0.0,8.0,8.0,2025-05-20,2025-11-27
PR8,Perika PR8 (PR8) kom,2024-12-20,2024-04-01,2025-12-11,620,351,269,21.0,21.0,12.0,2.0,10.0,0.037175,13.0483,0.0,0.0,0.0,21.0,21.0,2024-12-24,2025-05-20
PR9,PR9 (PR9) kom,2025-05-08,2024-04-01,2025-12-30,639,536,103,10.0,10.0,5.0,-0.0,5.0,0.048544,26.0194,0.0,0.0,0.0,10.0,10.0,2025-05-15,2026-01-16
Platinum (RR-PLAT ) kom,Platinum (RR-PLAT ) kom,2024-10-20,2024-04-01,2025-12-23,632,203,429,150.0,150.0,86.0,6.0,80.0,0.18648,37.8555,0.0,0.0,0.0,,,,
Platinum OPK (OPK-PLAT ) kom,Platinum OPK (OPK-PLAT ) kom,2024-10-20,2024-04-01,2025-12-11,620,203,417,150.0,150.0,68.0,6.0,62.0,0.148681,30.1823,0.0,0.0,0.0,,,,
Platinum afro (AF-PLAT ) kom,Platinum afro (AF-PLAT ) kom,2024-10-20,2024-04-01,2025-12-17,626,203,423,100.0,100.0,39.0,1.0,38.0,0.089835,18.2364,0.0,0.0,0.0,,,,
Platinum ombre kratki opk (KRO-PP ) kom,Platinum ombre kratki opk (KRO-PP ) kom,2024-10-20,2024-04-01,2025-12-30,639,219,420,135.0,135.0,87.0,9.0,78.0,0.185714,40.6714,0.0,0.0,0.0,,,,
RR-10,RR-10 - Rep svetlo smeda ravna (RR-10) kom,2024-06-07,2024-04-01,2025-12-29,638,68,570,150.0,150.0,110.0,9.0,101.0,0.177193,12.0491,0.0,0.0,0.0,150.0,150.0,2024-06-11,2025-10-29
RR-1B,RR-1B - Rep crni ravni (RR-1B) kom,2024-06-07,2024-04-01,2025-12-30,639,68,571,365.0,365.0,302.0,23.0,279.0,0.488616,33.2259,0.0,0.0,0.0,365.0,365.0,2024-06-11,2026-01-16
RR-350,RR-350 - Rep crvena ravna (RR-350) kom,2024-06-07,2024-04-01,2025-12-30,639,68,571,83.0,83.0,67.0,7.0,60.0,0.105079,7.1454,0.0,0.0,0.0,84.0,83.0,2024-06-11,2026-01-16
RR-4,RR-4 - Rep tamno smedi ravni (RR-4) kom,2024-06-07,2024-04-01,2025-12-30,639,68,571,325.0,325.0,263.0,20.0,243.0,0.425569,28.9387,0.0,0.0,0.0,325.0,325.0,2024-06-11,2026-01-16
RR-6,Rep smedi ravni (RR-6) kom,2024-06-07,2024-04-01,2025-12-30,639,68,571,260.0,260.0,209.0,15.0,194.0,0.339755,23.1033,0.0,0.0,0.0,260.0,260.0,2024-06-11,2026-01-16
RR-613,RR-613 - Rep svetlo plava ravna (RR-613) kom,2024-06-07,2024-04-01,2025-12-30,639,68,571,150.0,150.0,144.0,15.0,129.0,0.225919,15.3625,0.0,0.0,0.0,150.0,150.0,2024-06-11,2025-08-16
RR-613/K16 (RR-613/K16) kom,RR-613/K16 (RR-613/K16) kom,2025-01-28,2024-04-01,2025-12-29,638,303,335,70.0,70.0,24.0,1.0,23.0,0.068657,20.803,0.0,0.0,0.0,,,,
RR-8,Rep cimet smeda (RR-8) kom,2025-08-13,2024-04-01,2025-12-30,639,500,139,50.0,50.0,10.0,1.0,9.0,0.064748,32.3741,0.0,0.0,0.0,50.0,50.0,2025-08-16,2025-08-16
RR-BRO,Rep bronza ravni (RR-BRO) kom,2025-08-13,2024-04-01,2025-12-23,632,500,132,15.0,15.0,6.0,-0.0,6.0,0.045455,22.7273,0.0,0.0,0.0,15.0,15.0,2025-08-16,2025-08-16
RR-K16,RR-K16 - Rep tamno plava ravna (RR-K16) kom,2024-06-07,2024-04-01,2025-12-23,632,68,564,180.0,180.0,127.0,8.0,119.0,0.210993,14.3475,0.0,0.0,0.0,180.0,180.0,2024-06-11,2025-08-16
RR-MHG,RR-MHG - Rep mahagoni ravna (RR-MHG) kom,2024-06-07,2024-04-01,2025-12-30,639,68,571,87.0,87.0,84.0,20.0,64.0,0.112084,7.6217,0.0,0.0,0.0,87.0,87.0,2024-06-11,2025-08-16
RR-PLO,Rep platinum ombre ravni (RR-PLO) kom,2025-08-13,2024-04-01,2025-12-08,617,500,117,100.0,30.0,4.0,-0.0,4.0,0.034188,17.094,0.0,0.0,0.0,60.0,100.0,2025-08-16,2025-08-29
RR-SIVPL,Rep sivo plavi ravni (RR-SIVPL) kom,2025-08-13,2024-04-01,2025-12-30,639,502,137,30.0,30.0,17.0,2.0,15.0,0.109489,54.9635,0.0,0.0,0.0,30.0,30.0,2025-08-16,2026-01-16
RR-SMO,RR-SMO - Rep smeda ombre ravna (RR-SMO) kom,2024-06-07,2024-04-01,2025-12-29,638,68,570,125.0,125.0,89.0,7.0,82.0,0.14386,9.7825,0.0,0.0,0.0,125.0,125.0,2024-06-11,2025-08-16
RR-SMP,RR-SMP - Rep smede plava ravna (RR-SMP) kom,2024-06-07,2024-04-01,2025-12-30,639,71,568,193.0,190.0,154.0,15.0,139.0,0.244718,17.375,0.0,0.0,0.0,190.0,193.0,2024-06-11,2026-01-16
Rep smeda OPK (OPK-6 ) kom,Rep smeda OPK (OPK-6 ) kom,2025-05-08,2024-04-01,2025-12-30,639,403,236,130.0,130.0,4.0,-0.0,4.0,0.016949,6.8305,0.0,0.0,0.0,,,,
Rep tamno smeda OPK (OPK-4 ) kom,Rep tamno smeda OPK (OPK-4 ) kom,2024-10-20,2024-04-01,2025-12-30,639,240,399,200.0,200.0,153.0,9.0,144.0,0.360902,86.6165,0.0,0.0,0.0,,,,
SP_ITEM_K0173_125 (SP_ITEM_K0173_125) kom,SP_ITEM_K0173_125 (SP_ITEM_K0173_125) kom,,2024-04-01,2024-12-20,264,264,0,0.0,0.0,0.0,1.0,0.0,0.0,0.0,0.0,0.0,0.0,,,,
SP_ITEM_K0173_126 (SP_ITEM_K0173_126) kom,SP_ITEM_K0173_126 (SP_ITEM_K0173_126) kom,,2024-04-01,2024-12-24,268,268,0,0.0,0.0,0.0,1.0,0.0,0.0,0.0,0.0,0.0,0.0,,,,
Smede plavi kratki (KRR-SMPLV ) kom,Smede plavi kratki (KRR-SMPLV ) kom,2024-10-20,2024-04-01,2025-12-30,639,203,436,100.0,100.0,65.0,7.0,58.0,0.133028,27.0046,0.0,0.0,0.0,,,,
Smede plavi kratki opk (KRO-SMPLV ) kom,Smede plavi kratki opk (KRO-SMPLV ) kom,2024-10-20,2024-04-01,2025-12-30,639,260,379,205.0,205.0,148.0,17.0,131.0,0.345646,89.8681,0.0,0.0,0.0,,,,
Smedi kratki opk (KRO-6 ) kom,Smedi kratki opk (KRO-6 ) kom,2024-10-20,2024-04-01,2025-12-29,638,215,423,125.0,125.0,96.0,11.0,85.0,0.200946,43.2033,0.0,0.0,0.0,,,,
Smedi ombre kratki (KRR-SMO ) kom,Smedi ombre kratki (KRR-SMO ) kom,2024-10-20,2024-04-01,2025-12-24,633,203,430,80.0,80.0,37.0,2.0,35.0,0.081395,16.5233,0.0,0.0,0.0,,,,
Smedi ombre kratki opk (KRO-SMO ) kom,Smedi ombre kratki opk (KRO-SMO ) kom,2024-10-20,2024-04-01,2025-12-30,639,213,426,125.0,125.0,101.0,6.0,95.0,0.223005,47.5,0.0,0.0,0.0,,,,
Srednje plava ombre afro (AF-SRP ) kom,Srednje plava ombre afro (AF-SRP ) kom,2024-10-20,2024-04-01,2025-12-29,638,203,435,60.0,60.0,42.0,2.0,40.0,0.091954,18.6667,0.0,0.0,0.0,,,,
Srednje plavi (RR-SRP ) kom,Srednje plavi (RR-SRP ) kom,2024-10-20,2024-04-01,2025-12-30,639,221,418,165.0,165.0,104.0,5.0,99.0,0.236842,52.3421,0.0,0.0,0.0,,,,
Svetlo Smedi s pramenovima (RR-SMEDPR ) kom,Svetlo Smedi s pramenovima (RR-SMEDPR ) kom,2024-10-20,2024-04-01,2025-12-29,638,203,435,160.0,160.0,147.0,6.0,141.0,0.324138,65.8,0.0,0.0,0.0,,,,
Svetlo plavi kratki opk (KRO-613 ) kom,Svetlo plavi kratki opk (KRO-613 ) kom,2024-10-20,2024-04-01,2025-12-30,639,217,422,95.0,95.0,99.0,13.0,86.0,0.203791,44.2227,0.0,0.0,0.0,,,,
Svetlo smeda OPK (OPK-10 ) kom,Svetlo smeda OPK (OPK-10 ) kom,2024-10-20,2024-04-01,2025-12-30,639,203,436,120.0,120.0,95.0,8.0,87.0,0.199541,40.5069,0.0,0.0,0.0,,,,
TRK-10,Rep svetlo smedi na trakicu (TRK-10) kom,2024-06-07,2024-04-01,2025-12-17,626,68,558,45.0,45.0,32.0,5.0,27.0,0.048387,3.2903,0.0,0.0,0.0,45.0,45.0,2024-06-11,2025-08-16
TRK-1B,Rep crni na trakicu (TRK-1B) kom,2024-06-07,2024-04-01,2025-12-30,639,68,571,105.0,105.0,93.0,9.0,84.0,0.14711,10.0035,0.0,0.0,0.0,106.0,105.0,2024-06-11,2026-01-16
TRK-4,Rep tamno smedi na trakicu (TRK-4) kom,2024-06-07,2024-04-01,2025-12-30,639,68,571,110.0,110.0,87.0,7.0,80.0,0.140105,9.5271,0.0,0.0,0.0,110.0,110.0,2024-06-11,2026-01-16
TRK-6,TRK-6 - Rep smedi trakica (TRK-6) kom,2024-06-07,2024-04-01,2025-12-30,639,68,571,115.0,115.0,72.0,6.0,66.0,0.115587,7.8599,0.0,0.0,0.0,101.0,115.0,2024-06-11,2026-01-16
TRK-613,TRK-613 - Rep svetlo plavi trakica (TRK-613) kom,2024-06-07,2024-04-01,2025-12-30,639,154,485,70.0,70.0,48.0,3.0,45.0,0.092784,14.2887,0.0,0.0,0.0,70.0,70.0,2024-06-11,2026-01-16
TRK-K16,TRK-K16 - Rep tamno plavi trakica (TRK-K16) kom,2024-06-07,2024-04-01,2025-12-30,639,68,571,70.0,70.0,39.0,3.0,36.0,0.063047,4.2872,0.0,0.0,0.0,70.0,70.0,2024-06-11,2026-01-16
Tamno plavi kratki (KRR-k16 ) kom,Tamno plavi kratki (KRR-k16 ) kom,2024-10-20,2024-04-01,2025-12-26,635,203,432,115.0,115.0,95.0,6.0,89.0,0.206019,41.8218,0.0,0.0,0.0,,,,
Tamno plavi kratki opk (KRO-k16 ) kom,Tamno plavi kratki opk (KRO-k16 ) kom,2024-10-20,2024-04-01,2025-12-29,638,224,414,130.0,130.0,126.0,10.0,116.0,0.280193,62.7633,0.0,0.0,0.0,,,,
Tamno smeda kratki (KRR-4 ) kom,Tamno smeda kratki (KRR-4 ) kom,2024-10-20,2024-04-01,2025-12-30,639,203,436,160.0,160.0,117.0,7.0,110.0,0.252294,51.2156,0.0,0.0,0.0,,,,
Tamno smedi kratki opk (KRO-4 ) kom,Tamno smedi kratki opk (KRO-4 ) kom,2024-10-20,2024-04-01,2025-12-30,639,211,428,145.0,145.0,103.0,4.0,99.0,0.231308,48.8061,0.0,0.0,0.0,,,,
U-10,U klipse svetlo smeda (U-10) kom,2024-12-13,2024-04-01,2025-12-31,640,257,383,50.0,50.0,56.0,8.0,48.0,0.125326,32.2089,0.0,0.0,0.0,50.0,50.0,2024-12-17,2024-12-17
U-1B,U klipse crna (U-1B) kom,2024-12-13,2024-04-01,2025-12-30,639,260,379,290.0,290.0,243.0,32.0,211.0,0.556728,144.7493,0.0,0.0,0.0,291.0,290.0,2024-12-17,2025-08-16
U-2,U najtamnija smeda (U-2) kom,2025-08-13,2024-04-01,2025-12-31,640,500,140,80.0,80.0,39.0,7.0,32.0,0.228571,114.2857,0.0,0.0,0.0,80.0,80.0,2025-08-16,2025-08-16
U-4,U klipse tamno smeda (U-4) kom,2024-12-13,2024-04-01,2025-12-29,638,257,381,210.0,210.0,151.0,15.0,136.0,0.356955,91.7375,0.0,0.0,0.0,210.0,210.0,2024-12-17,2025-08-16
U-6,U klise smede (U-6) kom,2024-12-13,2024-04-01,2025-12-31,640,257,383,160.0,160.0,144.0,22.0,122.0,0.318538,81.8642,0.0,0.0,0.0,160.0,160.0,2024-12-17,2025-08-16
U-613,U klipse svetlo plava (U-613) kom,2024-12-13,2024-04-01,2025-12-29,638,257,381,100.0,100.0,107.0,16.0,91.0,0.238845,61.3832,0.0,0.0,0.0,100.0,100.0,2024-12-17,2025-05-15
U-K16,U klipse tamno plava (U-K16) kom,2024-12-13,2024-04-01,2025-12-25,634,257,377,110.0,110.0,88.0,18.0,70.0,0.185676,47.7188,0.0,0.0,0.0,110.0,110.0,2024-12-17,2025-05-15
U-MHG,U mahagoni (U-MHG) kom,2025-08-13,2024-04-01,2025-12-22,631,500,131,49.0,50.0,16.0,2.0,14.0,0.10687,53.4351,0.0,0.0,0.0,50.0,49.0,2025-08-16,2025-08-16
U-PLAT,U klipse platinum plava (U-PLAT) kom,2024-12-13,2024-04-01,2025-12-30,639,257,382,100.0,100.0,101.0,15.0,86.0,0.225131,57.8586,0.0,0.0,0.0,100.0,100.0,2024-12-17,2025-05-15
U-SMEDPR,U-SMEDPR (U-SMEDPR) kom,2025-05-08,2024-04-01,2025-12-18,627,403,224,60.0,60.0,68.0,9.0,59.0,0.263393,106.1473,0.0,0.0,0.0,60.0,60.0,2025-05-15,2025-05-15
U-SRP,U klipse srednje plava (U-SRP) kom,2024-12-13,2024-04-01,2025-12-26,635,260,375,170.0,170.0,187.0,17.0,170.0,0.453333,117.8667,0.0,0.0,0.0,170.0,170.0,2024-12-17,2025-08-16
